id;contenu;date_envoi;utilisateur_id;salon_discussion_id
1;immense hormis;2026-04-24T16:16:19;1;1
2;tandis que;2026-04-24T11:12:07;2;2
3;moyennant;2026-04-25T07:37:38;3;3
4;tchou tchouu ramener;2026-04-24T18:51:18;4;4
5;envelopper alors;2026-04-24T17:02:22;5;5
6;oui;2026-04-24T13:01:34;6;6
7;probablement volontiers;2026-04-24T13:14:29;7;7
8;dring pauvre avant que;2026-04-24T11:05:11;8;8
9;collaborer impromptu;2026-04-24T15:52:26;9;9
10;badaboum hirsute au cas où;2026-04-24T10:25:45;10;10
11;toc-toc;2026-04-25T09:11:04;11;11
12;enfoncer;2026-04-24T13:53:27;12;12
13;présidence avare meuh;2026-04-25T01:11:46;13;13
14;rose présidence;2026-04-25T08:14:19;14;14
15;nier avare;2026-04-24T16:37:39;15;15
16;dense sans que;2026-04-24T11:08:35;16;16
17;cyan broum commissionnaire;2026-04-24T23:06:59;17;17
18;tellement;2026-04-24T15:14:24;18;18
19;autour de de façon que;2026-04-25T02:39:30;19;19
20;ferme;2026-04-25T08:25:17;20;20
21;trop peu;2026-04-25T01:29:38;21;21
22;hors de aux alentours de;2026-04-25T03:39:44;22;22
23;aïe;2026-04-24T12:39:03;23;23
24;zzzz efficace;2026-04-24T14:37:07;24;24
25;gestionnaire si;2026-04-25T02:27:02;25;25
26;sympathique reprendre prestataire de services;2026-04-24T13:25:02;26;26
27;alors que novice inspecter;2026-04-24T19:03:45;27;27
28;suffire bousculer publier;2026-04-24T22:43:47;28;28
29;membre de l’équipe augmenter;2026-04-25T07:31:46;29;29
30;gestionnaire;2026-04-24T16:51:27;30;30
