id;login;nom;prenom;email;telephone;mot_de_passe;date_inscription;actif;banni
1;cocorico touriste lors;au dépens de près;du moment que;Ansberte.Clement@hotmail.fr;+33 765293889;crac toc-toc;2026-04-24T12:16:28;false;true
2;clac aggraver;magnifique réveiller;déjà;Henriette.Vincent@hotmail.fr;+33 558239825;alentour parlementaire que;2026-04-25T09:32:11;true;false
3;à travers afin de subito;sous couleur de guère;broum ouille;Romain30@yahoo.fr;0142702153;rédaction circuler;2026-04-25T08:08:23;true;false
4;dès que population du Québec;plouf biathlète quant à;loin;Arthur.Rousseau87@yahoo.fr;0263801111;de crainte que au point que;2026-04-24T12:58:08;false;false
5;au point que réagir;vu que bang capter;alors que;Avoye.Dumas9@gmail.com;+33 519445883;drôlement;2026-04-24T21:32:26;false;true
6;euh ding;secouriste aussitôt que porte-parole;magenta aussitôt que;Adegrine.Cousin93@yahoo.fr;+33 275579117;infime ha ha ménager;2026-04-24T22:07:54;false;false
7;au-dehors mordre;vis-à-vie de membre à vie;vouh;Brunehilde_Legall78@yahoo.fr;+33 245039082;en guise de;2026-04-24T21:56:45;true;true
8;grrr antique mener;guère;toutefois avex;Angilbe.Renard@hotmail.fr;+33 771684638;glouglou;2026-04-25T01:35:48;false;false
9;contre;exprès;chez du moment que badaboum;Astride71@hotmail.fr;+33 473370394;outre mélancolique de;2026-04-25T05:14:54;true;false
10;toc-toc;de façon que permettre;bien que même si terriblement;Albert_Bernard39@gmail.com;0426321369;peut-être vouh pas mal;2026-04-24T14:07:18;false;true
11;de sorte que chef jusqu’à ce que;multiple frayer nouer;venger;Celeste.Simon61@yahoo.fr;+33 140657038;équipe de recherche impromptu;2026-04-24T21:07:37;true;true
12;mairie au défaut de avant que;agir zzzz à moins de;examiner lorsque;Sauveur8@yahoo.fr;+33 182755885;nonobstant gens;2026-04-24T14:44:26;false;true
13;de façon que fade calme;partenaire;parfois;Armeline_Schmitt60@gmail.com;0659585716;dense au-devant goûter;2026-04-24T19:50:38;false;false
14;définir solitaire;pff imiter divinement;dedans hormis;Berthe_Brunet69@yahoo.fr;+33 173296813;secouriste;2026-04-25T03:58:35;false;false
15;assez traverser snob;carrément;sitôt que malade;Maxence92@gmail.com;0108224150;quand loufoque depuis;2026-04-24T14:32:44;true;false
16;sauf reprocher;libérer prout contester;lorsque ressembler lunatique;Leopoldine78@gmail.com;0655502974;antagoniste;2026-04-25T03:23:47;false;false
17;vorace;pour tellement;aimable même si;Alberte57@gmail.com;0461046332;dehors;2026-04-24T18:09:37;true;false
18;glouglou commissionnaire paf;redresser de sorte que avant;aimer au-dessus de;Aricie.Jacquet@yahoo.fr;+33 657971622;clientèle équipe d’autant que;2026-04-24T18:42:29;false;false
19;en dépit de;mairie altruiste alors que;en dépit de;Aube27@gmail.com;+33 678539686;dévorer ah;2026-04-24T14:03:56;true;false
20;gérer à l'insu de dévorer;gestionnaire communauté étudiante du côté de;sursauter beaucoup;Clery_Nicolas@gmail.com;0530732382;membre titulaire;2026-04-25T00:36:01;true;false
21;ressembler;ha ha diplomate patientèle;afin que;Gonthier.Renard73@yahoo.fr;+33 536628569;magnifique;2026-04-25T03:41:00;true;true
22;insolite même si;perfectionner;allonger indiquer pin-pon;Josse65@gmail.com;0430427298;accomplir tant;2026-04-25T08:21:03;false;true
23;paf prendre dring;antagoniste;de crainte que si exprès;Roseline25@hotmail.fr;+33 374054118;beaucoup meuh;2026-04-24T13:03:04;false;false
24;extra;euh presque;bien que;Jade_Jean@gmail.com;+33 228893858;auprès de au point que;2026-04-24T16:52:31;true;false
25;police ouf;personnel cracher alors que;de façon à ce que sous;Gaelle72@gmail.com;0296327417;jadis;2026-04-25T04:03:19;false;true
26;au-dedans de pschitt;soumettre ha ha au prix de;répéter;Thibert.Prevost45@hotmail.fr;+33 788277794;encore orange;2026-04-25T08:10:21;false;true
27;cesser afin que;jusqu’à ce que tant que;d’autant que entretenir plic;Martine_Philippe52@gmail.com;0151471126;snif tellement certes;2026-04-25T02:24:28;true;false
28;comment tailler;derechef;commis;Firmin28@yahoo.fr;0287627695;naguère;2026-04-25T03:35:35;false;false
29;immense rouler;où gratis;autoriser;Eudes93@hotmail.fr;0788328440;tic-tac;2026-04-25T04:50:48;true;true
30;altruiste;sans;caresser triangulaire;Aubry_Gerard@gmail.com;+33 689423265;soudain triompher;2026-04-25T02:40:24;true;false
